{
  "registry": "mcr.microsoft.com",
  "repos": [
    {
      "id": "samples",
      "name": "dotnet/samples",
      "readmes": [
        {
          "path": "README.samples.md",
          "templatePath": "eng/readme-templates/README.md"
        },
        {
          "path": ".mar/portal/README.samples.portal.md",
          "templatePath": "eng/readme-templates/README.mcr.md"
        }
      ],
      "mcrTagsMetadataTemplate": "eng/mcr-tags-metadata-templates/samples-tags.yml",
      "images": [
        {
          "sharedTags": {
            "dotnetapp": {
              "syndication": {
                "repo": "dotnet/core/samples"
              }
            },
            "latest": {
              "syndication": {
                "repo": "dotnet/core/samples"
              }
            }
          },
          "platforms": [
            {
              "dockerfile": "samples/dotnetapp/Dockerfile.alpine-x64-slim",
              "os": "linux",
              "osVersion": "alpine",
              "tags": {
                "dotnetapp-alpine-slim-amd64": {}
              }
            },
            {
              "architecture": "arm",
              "dockerfile": "samples/dotnetapp/Dockerfile.alpine-arm32-slim",
              "os": "linux",
              "osVersion": "alpine",
              "tags": {
                "dotnetapp-alpine-slim-arm32v7": {}
              },
              "variant": "v7"
            },
            {
              "architecture": "arm64",
              "dockerfile": "samples/dotnetapp/Dockerfile.alpine-arm64-slim",
              "os": "linux",
              "osVersion": "alpine",
              "tags": {
                "dotnetapp-alpine-slim-arm64v8": {}
              },
              "variant": "v8"
            },
            {
              "dockerfile": "samples/dotnetapp",
              "os": "windows",
              "osVersion": "nanoserver-1809",
              "tags": {
                "dotnetapp-nanoserver-1809": {
                  "syndication": {
                    "repo": "dotnet/core/samples"
                  }
                }
              }
            },
            {
              "dockerfile": "samples/dotnetapp",
              "os": "windows",
              "osVersion": "nanoserver-ltsc2022",
              "tags": {
                "dotnetapp-nanoserver-ltsc2022": {}
              }
            }
          ]
        },
        {
          "sharedTags": {
            "aspnetapp": {
              "syndication": {
                "repo": "dotnet/core/samples"
              }
            }
          },
          "platforms": [
            {
              "dockerfile": "samples/aspnetapp/Dockerfile.alpine-slim",
              "os": "linux",
              "osVersion": "alpine",
              "tags": {
                "aspnetapp-alpine-slim-amd64": {}
              },
              "customBuildLegGroups": [
                {
                  "name": "test-dependencies",
                  "type": "Integral",
                  "dependencies": [
                    "$(Repo:samples):dotnetapp-alpine-slim-amd64"
                  ]
                }
              ]
            },
            {
              "architecture": "arm",
              "dockerfile": "samples/aspnetapp/Dockerfile.alpine-slim",
              "os": "linux",
              "osVersion": "alpine",
              "tags": {
                "aspnetapp-alpine-slim-arm32v7": {}
              },
              "variant": "v7",
              "customBuildLegGroups": [
                {
                  "name": "test-dependencies",
                  "type": "Integral",
                  "dependencies": [
                    "$(Repo:samples):dotnetapp-alpine-slim-arm32v7"
                  ]
                }
              ]
            },
            {
              "architecture": "arm64",
              "dockerfile": "samples/aspnetapp/Dockerfile.alpine-slim",
              "os": "linux",
              "osVersion": "alpine",
              "tags": {
                "aspnetapp-alpine-slim-arm64v8": {}
              },
              "variant": "v8",
              "customBuildLegGroups": [
                {
                  "name": "test-dependencies",
                  "type": "Integral",
                  "dependencies": [
                    "$(Repo:samples):dotnetapp-alpine-slim-arm64v8"
                  ]
                }
              ]
            },
            {
              "buildArgs": {
                "TAG": "1809"
              },
              "dockerfile": "samples/aspnetapp/Dockerfile.nanoserver-slim",
              "os": "windows",
              "osVersion": "nanoserver-1809",
              "tags": {
                "aspnetapp-nanoserver-1809": {
                  "syndication": {
                    "repo": "dotnet/core/samples"
                  }
                }
              },
              "customBuildLegGroups": [
                {
                  "name": "test-dependencies",
                  "type": "Integral",
                  "dependencies": [
                    "$(Repo:samples):dotnetapp-nanoserver-1809"
                  ]
                }
              ]
            },
            {
              "buildArgs": {
                "TAG": "ltsc2022"
              },
              "dockerfile": "samples/aspnetapp/Dockerfile.nanoserver-slim",
              "os": "windows",
              "osVersion": "nanoserver-ltsc2022",
              "tags": {
                "aspnetapp-nanoserver-ltsc2022": {}
              },
              "customBuildLegGroups": [
                {
                  "name": "test-dependencies",
                  "type": "Integral",
                  "dependencies": [
                    "$(Repo:samples):dotnetapp-nanoserver-ltsc2022"
                  ]
                }
              ]
            }
          ]
        }
      ]
    }
  ]
}
